"Id";"Name";"State";"SubscriptionId";"TenantId";"CurrentStorageAccountName";"ExtendedProperties";"CurrentStorageAccount"
"2ad19d04-50ee-413d-a12a-611f4217c16d";"Test Subscription 01";"Disabled";"2ad19d04-50ee-413d-a12a-611f4217c16d";"3c8ea0e4-127c-4a02-ac65-58830e4ac608";;"System.Collections.Generic.Dictionary`2[System.String,System.String]";
"490e2581-06c5-4570-87e6-d17eac70cec3";"Test Subscription 01";"Disabled";"490e2581-06c5-4570-87e6-d17eac70cec3";"3c8ea0e4-127c-4a02-ac65-58830e4ac608";;"System.Collections.Generic.Dictionary`2[System.String,System.String]";
"d4026ec4-118c-42b5-aa36-6520bc49c382";"Test Subscription 02";"Disabled";"d4026ec4-118c-42b5-aa36-6520bc49c382";"3c8ea0e4-127c-4a02-ac65-58830e4ac608";;"System.Collections.Generic.Dictionary`2[System.String,System.String]";
"e478dfab-3a3a-44d2-a7a1-d7cb2ffdecc5";"Digitate PoC";"Enabled";"e478dfab-3a3a-44d2-a7a1-d7cb2ffdecc5";"3c8ea0e4-127c-4a02-ac65-58830e4ac608";;"System.Collections.Generic.Dictionary`2[System.String,System.String]";
"4c7f245a-72ca-4e9d-895c-67839e613460";"Corporate Talent Development";"Enabled";"4c7f245a-72ca-4e9d-895c-67839e613460";"3c8ea0e4-127c-4a02-ac65-58830e4ac608";;"System.Collections.Generic.Dictionary`2[System.String,System.String]";
"54f05605-c661-4230-9985-004b651de7f4";"TCS CUBO Marketplace_API Management";"Enabled";"54f05605-c661-4230-9985-004b651de7f4";"3c8ea0e4-127c-4a02-ac65-58830e4ac608";;"System.Collections.Generic.Dictionary`2[System.String,System.String]";
"81c3d583-ec02-4703-991a-0b013a49e655";"HOBS";"Enabled";"81c3d583-ec02-4703-991a-0b013a49e655";"3c8ea0e4-127c-4a02-ac65-58830e4ac608";;"System.Collections.Generic.Dictionary`2[System.String,System.String]";
"f5a814c3-5fa6-4f36-a6b0-0a740968dd8e";"DevSecOps PoC";"Enabled";"f5a814c3-5fa6-4f36-a6b0-0a740968dd8e";"3c8ea0e4-127c-4a02-ac65-58830e4ac608";;"System.Collections.Generic.Dictionary`2[System.String,System.String]";
"4461ec87-334d-4f7e-9e04-75162b98cf70";"Corporate Talent Development";"Enabled";"4461ec87-334d-4f7e-9e04-75162b98cf70";"3c8ea0e4-127c-4a02-ac65-58830e4ac608";;"System.Collections.Generic.Dictionary`2[System.String,System.String]";
"b833e210-5252-4bb7-8ab6-17e575b6f18b";"Auto_POC";"Enabled";"b833e210-5252-4bb7-8ab6-17e575b6f18b";"3c8ea0e4-127c-4a02-ac65-58830e4ac608";;"System.Collections.Generic.Dictionary`2[System.String,System.String]";
"7461f28c-fef1-456c-81ac-fe63f6c70da4";"VD_POC";"Enabled";"7461f28c-fef1-456c-81ac-fe63f6c70da4";"3c8ea0e4-127c-4a02-ac65-58830e4ac608";;"System.Collections.Generic.Dictionary`2[System.String,System.String]";
"d8190762-0d8e-44ba-863d-030b57af6602";"Azure ARC partner program_CMA";"Enabled";"d8190762-0d8e-44ba-863d-030b57af6602";"3c8ea0e4-127c-4a02-ac65-58830e4ac608";;"System.Collections.Generic.Dictionary`2[System.String,System.String]";
"8d26a4ba-2693-45ed-8ff9-13ce02dcb948";"MFG ISU Enterprise Visibility";"Enabled";"8d26a4ba-2693-45ed-8ff9-13ce02dcb948";"3c8ea0e4-127c-4a02-ac65-58830e4ac608";;"System.Collections.Generic.Dictionary`2[System.String,System.String]";
"77a9d36a-d755-4914-9340-1a44b797c143";"Exploris_POC";"Enabled";"77a9d36a-d755-4914-9340-1a44b797c143";"3c8ea0e4-127c-4a02-ac65-58830e4ac608";;"System.Collections.Generic.Dictionary`2[System.String,System.String]";
"f06de449-88ac-4743-b150-1495a4bc18d2";"EY_Infoweb_POC";"Enabled";"f06de449-88ac-4743-b150-1495a4bc18d2";"3c8ea0e4-127c-4a02-ac65-58830e4ac608";;"System.Collections.Generic.Dictionary`2[System.String,System.String]";
"cc8d8d38-fd1a-494a-8226-081d708aae8e";"test";"Enabled";"cc8d8d38-fd1a-494a-8226-081d708aae8e";"3c8ea0e4-127c-4a02-ac65-58830e4ac608";;"System.Collections.Generic.Dictionary`2[System.String,System.String]";
"63ca7c66-5dd1-4788-b495-29e271a94c4f";"BFSI_NW_POC";"Enabled";"63ca7c66-5dd1-4788-b495-29e271a94c4f";"3c8ea0e4-127c-4a02-ac65-58830e4ac608";;"System.Collections.Generic.Dictionary`2[System.String,System.String]";
"7b96f7f7-d6b6-4dcb-8fe9-2302c8a40642";"EY_Infoweb_POC";"Enabled";"7b96f7f7-d6b6-4dcb-8fe9-2302c8a40642";"3c8ea0e4-127c-4a02-ac65-58830e4ac608";;"System.Collections.Generic.Dictionary`2[System.String,System.String]";
"47094369-2050-41a8-93c1-343b8e1f2cc5";"BaNCS_POC";"Enabled";"47094369-2050-41a8-93c1-343b8e1f2cc5";"3c8ea0e4-127c-4a02-ac65-58830e4ac608";;"System.Collections.Generic.Dictionary`2[System.String,System.String]";
"4047738c-3d11-440c-862a-25218802f30d";"ABN Amro_Smart Document Capturing System";"Enabled";"4047738c-3d11-440c-862a-25218802f30d";"3c8ea0e4-127c-4a02-ac65-58830e4ac608";;"System.Collections.Generic.Dictionary`2[System.String,System.String]";
"137d9b2a-2d1c-44ac-9a2b-2baa2a9f7550";"AKS using CI/CD _CBO";"Enabled";"137d9b2a-2d1c-44ac-9a2b-2baa2a9f7550";"3c8ea0e4-127c-4a02-ac65-58830e4ac608";;"System.Collections.Generic.Dictionary`2[System.String,System.String]";
"38f9123c-f286-4550-9d72-3c23bb0b48d4";"Mastercraft_POC";"Enabled";"38f9123c-f286-4550-9d72-3c23bb0b48d4";"3c8ea0e4-127c-4a02-ac65-58830e4ac608";;"System.Collections.Generic.Dictionary`2[System.String,System.String]";
"f553f6c2-b58f-4061-a7f4-4547d3d387cf";"Fedex_POC";"Enabled";"f553f6c2-b58f-4061-a7f4-4547d3d387cf";"3c8ea0e4-127c-4a02-ac65-58830e4ac608";;"System.Collections.Generic.Dictionary`2[System.String,System.String]";
"145a0666-0f09-4b9b-9522-3f70695bbd73";"TD_Bank_POC_USA";"Enabled";"145a0666-0f09-4b9b-9522-3f70695bbd73";"3c8ea0e4-127c-4a02-ac65-58830e4ac608";;"System.Collections.Generic.Dictionary`2[System.String,System.String]";
"f3f8dd47-4bd4-4e40-a593-59529107de36";"McCain_POC_Canada";"Enabled";"f3f8dd47-4bd4-4e40-a593-59529107de36";"3c8ea0e4-127c-4a02-ac65-58830e4ac608";;"System.Collections.Generic.Dictionary`2[System.String,System.String]";
"628ea7d4-a005-4cfa-bc24-3d426ec6ddf5";"EliLilly_POC_USA";"Enabled";"628ea7d4-a005-4cfa-bc24-3d426ec6ddf5";"3c8ea0e4-127c-4a02-ac65-58830e4ac608";;"System.Collections.Generic.Dictionary`2[System.String,System.String]";
"2eaf034e-3dd3-4407-a1fa-2cb8d9198503";"CloudExponence_POC";"Enabled";"2eaf034e-3dd3-4407-a1fa-2cb8d9198503";"3c8ea0e4-127c-4a02-ac65-58830e4ac608";;"System.Collections.Generic.Dictionary`2[System.String,System.String]";
"6d0791c0-df6e-4417-a948-0d7b7d512594";"AtlasAir_POC";"Enabled";"6d0791c0-df6e-4417-a948-0d7b7d512594";"3c8ea0e4-127c-4a02-ac65-58830e4ac608";;"System.Collections.Generic.Dictionary`2[System.String,System.String]";
"8675ad56-49e4-493a-a456-2a63491e902e";"NEW_GTM_POC";"Enabled";"8675ad56-49e4-493a-a456-2a63491e902e";"3c8ea0e4-127c-4a02-ac65-58830e4ac608";;"System.Collections.Generic.Dictionary`2[System.String,System.String]";
"001ef195-8745-4012-8123-3ee6aa04b4a6";"WVD_APAC_POC";"Enabled";"001ef195-8745-4012-8123-3ee6aa04b4a6";"3c8ea0e4-127c-4a02-ac65-58830e4ac608";;"System.Collections.Generic.Dictionary`2[System.String,System.String]";
"1986d975-7566-44e5-a781-4ff5db2ab5b8";"Apple_POC_USA";"Enabled";"1986d975-7566-44e5-a781-4ff5db2ab5b8";"3c8ea0e4-127c-4a02-ac65-58830e4ac608";;"System.Collections.Generic.Dictionary`2[System.String,System.String]";
"8712f009-8546-45fe-b428-730917f25312";"Albert Heijn_Offer Planning System";"Enabled";"8712f009-8546-45fe-b428-730917f25312";"3c8ea0e4-127c-4a02-ac65-58830e4ac608";;"System.Collections.Generic.Dictionary`2[System.String,System.String]";
"37b31c75-f3e2-4bf8-8469-619fa80badd0";"ConnectedAutonomous_POC";"Enabled";"37b31c75-f3e2-4bf8-8469-619fa80badd0";"3c8ea0e4-127c-4a02-ac65-58830e4ac608";;"System.Collections.Generic.Dictionary`2[System.String,System.String]";
"a742182c-f2d7-48b6-9074-86991a12a464";"TCS FS Innovation labs and TCS BaNCS for Reconciliations";"Enabled";"a742182c-f2d7-48b6-9074-86991a12a464";"3c8ea0e4-127c-4a02-ac65-58830e4ac608";;"System.Collections.Generic.Dictionary`2[System.String,System.String]";
"f4ba0402-ef74-467d-9a75-8090f70f49c3";"CanadaLife_POC";"Enabled";"f4ba0402-ef74-467d-9a75-8090f70f49c3";"3c8ea0e4-127c-4a02-ac65-58830e4ac608";;"System.Collections.Generic.Dictionary`2[System.String,System.String]";
"fa631513-4629-4e4c-88ee-2c19ac784c4a";"Microsoft_Hitech_POC";"Enabled";"fa631513-4629-4e4c-88ee-2c19ac784c4a";"3c8ea0e4-127c-4a02-ac65-58830e4ac608";;"System.Collections.Generic.Dictionary`2[System.String,System.String]";
"4b0f1982-193a-4dcb-b9d5-a110aeae9f33";"TCS DAEzMo Modern DWH and DL";"Enabled";"4b0f1982-193a-4dcb-b9d5-a110aeae9f33";"3c8ea0e4-127c-4a02-ac65-58830e4ac608";;"System.Collections.Generic.Dictionary`2[System.String,System.String]";
"4374ba44-bc89-4505-baed-7094e7567e36";"AUTO1_POC";"Enabled";"4374ba44-bc89-4505-baed-7094e7567e36";"3c8ea0e4-127c-4a02-ac65-58830e4ac608";;"System.Collections.Generic.Dictionary`2[System.String,System.String]";
"9dcfe0eb-4791-4a98-8808-7b4a7b391dee";"Multilingual_omnichannel_Europe";"Enabled";"9dcfe0eb-4791-4a98-8808-7b4a7b391dee";"3c8ea0e4-127c-4a02-ac65-58830e4ac608";;"System.Collections.Generic.Dictionary`2[System.String,System.String]";
"7b5d48f0-e80b-4663-b7fe-6b454f75080a";"Coga_peru";"Enabled";"7b5d48f0-e80b-4663-b7fe-6b454f75080a";"3c8ea0e4-127c-4a02-ac65-58830e4ac608";;"System.Collections.Generic.Dictionary`2[System.String,System.String]";
"23551c02-841b-4840-b8ba-5a1e0c186f04";"IOT_Industry 4.0-ManufacturingPlatform-PredictiveMnt";"Enabled";"23551c02-841b-4840-b8ba-5a1e0c186f04";"3c8ea0e4-127c-4a02-ac65-58830e4ac608";;"System.Collections.Generic.Dictionary`2[System.String,System.String]";
"7b41631b-b56a-4ee0-a8d4-78a3f2b94e7a";"ALnertson_POC";"Enabled";"7b41631b-b56a-4ee0-a8d4-78a3f2b94e7a";"3c8ea0e4-127c-4a02-ac65-58830e4ac608";;"System.Collections.Generic.Dictionary`2[System.String,System.String]";
"b5a0198e-2547-4331-a3cb-9dc57d2c931f";"Hitachi PG";"Enabled";"b5a0198e-2547-4331-a3cb-9dc57d2c931f";"3c8ea0e4-127c-4a02-ac65-58830e4ac608";;"System.Collections.Generic.Dictionary`2[System.String,System.String]";
"d2bc660d-95a1-4bc9-8364-9f4da66de81f";"Bloomberg_Azure Speech to Text API";"Enabled";"d2bc660d-95a1-4bc9-8364-9f4da66de81f";"3c8ea0e4-127c-4a02-ac65-58830e4ac608";;"System.Collections.Generic.Dictionary`2[System.String,System.String]";
"e444b97f-426d-44db-90f5-a9e261833428";"Large_Financial_Bank_Australia_POC";"Enabled";"e444b97f-426d-44db-90f5-a9e261833428";"3c8ea0e4-127c-4a02-ac65-58830e4ac608";;"System.Collections.Generic.Dictionary`2[System.String,System.String]";
"d6ba9a47-f3dc-4eae-90a0-dacfffc6f781";"MBU_HealthCare_UK";"Enabled";"d6ba9a47-f3dc-4eae-90a0-dacfffc6f781";"3c8ea0e4-127c-4a02-ac65-58830e4ac608";;"System.Collections.Generic.Dictionary`2[System.String,System.String]";
"8323377c-76d7-4928-8cc2-cb1f3875037a";"Pladis_UKEUrope_POC";"Enabled";"8323377c-76d7-4928-8cc2-cb1f3875037a";"3c8ea0e4-127c-4a02-ac65-58830e4ac608";;"System.Collections.Generic.Dictionary`2[System.String,System.String]";
"c527eb0b-a0d5-4cc2-b6eb-928a20a20c42";"Fundserv_MBU_Modernizedapplications";"Enabled";"c527eb0b-a0d5-4cc2-b6eb-928a20a20c42";"3c8ea0e4-127c-4a02-ac65-58830e4ac608";;"System.Collections.Generic.Dictionary`2[System.String,System.String]";
"33944417-eb87-4fd6-8b79-dfdcf8242a38";"BFSI_APAC";"Enabled";"33944417-eb87-4fd6-8b79-dfdcf8242a38";"3c8ea0e4-127c-4a02-ac65-58830e4ac608";;"System.Collections.Generic.Dictionary`2[System.String,System.String]";
"a464cfd0-9d4c-4e1a-8d55-db2c7b469b7c";"TCS DAEzMo DataDive";"Enabled";"a464cfd0-9d4c-4e1a-8d55-db2c7b469b7c";"3c8ea0e4-127c-4a02-ac65-58830e4ac608";;"System.Collections.Generic.Dictionary`2[System.String,System.String]";
"b2705c45-1ce5-49d0-af11-9fdb0654bef8";"RBC_POC";"Enabled";"b2705c45-1ce5-49d0-af11-9fdb0654bef8";"3c8ea0e4-127c-4a02-ac65-58830e4ac608";;"System.Collections.Generic.Dictionary`2[System.String,System.String]";
"5b172d7b-596b-42cf-916e-ee4d46e526ae";"Keysight_POC_USA";"Enabled";"5b172d7b-596b-42cf-916e-ee4d46e526ae";"3c8ea0e4-127c-4a02-ac65-58830e4ac608";;"System.Collections.Generic.Dictionary`2[System.String,System.String]";
"6869a544-ac4b-4b86-b8b7-d5820c8a808e";"S/4 Hana Solution";"Enabled";"6869a544-ac4b-4b86-b8b7-d5820c8a808e";"3c8ea0e4-127c-4a02-ac65-58830e4ac608";;"System.Collections.Generic.Dictionary`2[System.String,System.String]";
"72561b1d-20b5-4d19-97bd-c030bd3b101e";"MasterCraft_TransformPlus_COSMOS DB";"Enabled";"72561b1d-20b5-4d19-97bd-c030bd3b101e";"3c8ea0e4-127c-4a02-ac65-58830e4ac608";;"System.Collections.Generic.Dictionary`2[System.String,System.String]";
"c6a381df-37d5-4ada-88f8-980ffa910617";"TEG_Retail_EU-ISU";"Enabled";"c6a381df-37d5-4ada-88f8-980ffa910617";"3c8ea0e4-127c-4a02-ac65-58830e4ac608";;"System.Collections.Generic.Dictionary`2[System.String,System.String]";
"a7b93006-e666-47c5-865e-64dafdd48a13";"Next Best Action Framework ? Azure - AutoML";"Enabled";"a7b93006-e666-47c5-865e-64dafdd48a13";"3c8ea0e4-127c-4a02-ac65-58830e4ac608";;"System.Collections.Generic.Dictionary`2[System.String,System.String]";
"8daecdd8-c59d-41ad-8d6b-9250c5f2810a";"HOBBS_POC";"Enabled";"8daecdd8-c59d-41ad-8d6b-9250c5f2810a";"3c8ea0e4-127c-4a02-ac65-58830e4ac608";;"System.Collections.Generic.Dictionary`2[System.String,System.String]";
"2df03f37-b344-4fda-92c6-90c685491a72";"Magnum";"Enabled";"2df03f37-b344-4fda-92c6-90c685491a72";"3c8ea0e4-127c-4a02-ac65-58830e4ac608";;"System.Collections.Generic.Dictionary`2[System.String,System.String]";
"f670a0be-bafc-42f4-8a9c-ff578f797475";"Ecolab_US";"Enabled";"f670a0be-bafc-42f4-8a9c-ff578f797475";"3c8ea0e4-127c-4a02-ac65-58830e4ac608";;"System.Collections.Generic.Dictionary`2[System.String,System.String]";
"84e97e04-30fc-4cd9-a023-e0a47784051c";"Mastercraft_DataPlus_POC";"Enabled";"84e97e04-30fc-4cd9-a023-e0a47784051c";"3c8ea0e4-127c-4a02-ac65-58830e4ac608";;"System.Collections.Generic.Dictionary`2[System.String,System.String]";
"d10ed262-782f-406e-9d1f-f170a367b43c";"AXA_POC_Belgium";"Enabled";"d10ed262-782f-406e-9d1f-f170a367b43c";"3c8ea0e4-127c-4a02-ac65-58830e4ac608";;"System.Collections.Generic.Dictionary`2[System.String,System.String]";
"079d165a-80b0-4f76-9129-f0fabe014e0d";"Internal - Retail BG - Architecture & Technology";"Enabled";"079d165a-80b0-4f76-9129-f0fabe014e0d";"3c8ea0e4-127c-4a02-ac65-58830e4ac608";;"System.Collections.Generic.Dictionary`2[System.String,System.String]";
"b69577c4-1497-4a74-a5cb-1db6b363324e";"AI Builder - Innovation Garage";"Enabled";"b69577c4-1497-4a74-a5cb-1db6b363324e";"3c8ea0e4-127c-4a02-ac65-58830e4ac608";;"System.Collections.Generic.Dictionary`2[System.String,System.String]";
"a465aded-b965-4d43-8104-a2956c69e252";"BonsAI";"Enabled";"a465aded-b965-4d43-8104-a2956c69e252";"3c8ea0e4-127c-4a02-ac65-58830e4ac608";;"System.Collections.Generic.Dictionary`2[System.String,System.String]";
"f0e800b9-b753-41d6-bc7a-f87b6084672c";"Optumera_SaaS_POC";"Enabled";"f0e800b9-b753-41d6-bc7a-f87b6084672c";"3c8ea0e4-127c-4a02-ac65-58830e4ac608";;"System.Collections.Generic.Dictionary`2[System.String,System.String]";
"089d00af-2279-466b-b0b7-b7bb6977ab11";"TCS DAEzMo Report Migrator";"Enabled";"089d00af-2279-466b-b0b7-b7bb6977ab11";"3c8ea0e4-127c-4a02-ac65-58830e4ac608";;"System.Collections.Generic.Dictionary`2[System.String,System.String]";
"7ca0d311-ad70-4772-957a-0b504cb94e10";"KPMG_ContentMetadataMngt";"Enabled";"7ca0d311-ad70-4772-957a-0b504cb94e10";"3c8ea0e4-127c-4a02-ac65-58830e4ac608";;"System.Collections.Generic.Dictionary`2[System.String,System.String]";
"849b9311-5a6d-4ccf-b2ed-e7226aa1893a";"MasterCraft_TransformPlus_POC";"Enabled";"849b9311-5a6d-4ccf-b2ed-e7226aa1893a";"3c8ea0e4-127c-4a02-ac65-58830e4ac608";;"System.Collections.Generic.Dictionary`2[System.String,System.String]";
"ed8c6893-5c6a-4e16-bc7a-9ea60f5d6eb9";"HOBS";"Enabled";"ed8c6893-5c6a-4e16-bc7a-9ea60f5d6eb9";"3c8ea0e4-127c-4a02-ac65-58830e4ac608";;"System.Collections.Generic.Dictionary`2[System.String,System.String]";
"df78f825-6990-44d4-a228-1f579284c1f6";"Trinseo LLC";"Enabled";"df78f825-6990-44d4-a228-1f579284c1f6";"3c8ea0e4-127c-4a02-ac65-58830e4ac608";;"System.Collections.Generic.Dictionary`2[System.String,System.String]";
"a21704d0-b990-41dc-ad82-de67f3129d26";"CIBC-Migration POC";"Enabled";"a21704d0-b990-41dc-ad82-de67f3129d26";"3c8ea0e4-127c-4a02-ac65-58830e4ac608";;"System.Collections.Generic.Dictionary`2[System.String,System.String]";
"9a9c56e1-d7b4-4912-8a86-df16b6993c55";"AXA_Belgium_POC";"Enabled";"9a9c56e1-d7b4-4912-8a86-df16b6993c55";"3c8ea0e4-127c-4a02-ac65-58830e4ac608";;"System.Collections.Generic.Dictionary`2[System.String,System.String]";
"f84245ba-06a4-4bff-b02a-f1b6f757440f";"MBU Azure Practice";"Enabled";"f84245ba-06a4-4bff-b02a-f1b6f757440f";"3c8ea0e4-127c-4a02-ac65-58830e4ac608";;"System.Collections.Generic.Dictionary`2[System.String,System.String]";
"778e4959-9bf1-42c3-b4d7-4d8d3e0700e8";"Corporate Talent Development";"Enabled";"778e4959-9bf1-42c3-b4d7-4d8d3e0700e8";"3c8ea0e4-127c-4a02-ac65-58830e4ac608";;"System.Collections.Generic.Dictionary`2[System.String,System.String]";
"5e069934-7a4b-4d12-83ec-68ef418cda33";"ING_POC_Europe";"Enabled";"5e069934-7a4b-4d12-83ec-68ef418cda33";"3c8ea0e4-127c-4a02-ac65-58830e4ac608";;"System.Collections.Generic.Dictionary`2[System.String,System.String]";
"99923b92-1370-4109-a717-f971b64c9b72";"Al-Maryah";"Enabled";"99923b92-1370-4109-a717-f971b64c9b72";"3c8ea0e4-127c-4a02-ac65-58830e4ac608";;"System.Collections.Generic.Dictionary`2[System.String,System.String]";
"49958f66-464d-4687-a9bf-d8820b157e19";"DATA_AI_Multiple_POC";"Enabled";"49958f66-464d-4687-a9bf-d8820b157e19";"3c8ea0e4-127c-4a02-ac65-58830e4ac608";;"System.Collections.Generic.Dictionary`2[System.String,System.String]";
"1fc422d3-a725-4884-a9c9-6cc7affe0457";"Life Science_POC";"Enabled";"1fc422d3-a725-4884-a9c9-6cc7affe0457";"3c8ea0e4-127c-4a02-ac65-58830e4ac608";;"System.Collections.Generic.Dictionary`2[System.String,System.String]";
"a84f1051-2d18-434e-b585-08054536fab4";"K8Migration-INS";"Enabled";"a84f1051-2d18-434e-b585-08054536fab4";"3c8ea0e4-127c-4a02-ac65-58830e4ac608";;"System.Collections.Generic.Dictionary`2[System.String,System.String]";
"5dd8ee60-0138-4b91-8c72-8ec6c6a612f8";"AzureDevops-POC-LLOYDS";"Enabled";"5dd8ee60-0138-4b91-8c72-8ec6c6a612f8";"3c8ea0e4-127c-4a02-ac65-58830e4ac608";;"System.Collections.Generic.Dictionary`2[System.String,System.String]";
"b022e716-3b41-4766-aa7d-5cf2296065f1";"Fundserv-POC";"Enabled";"b022e716-3b41-4766-aa7d-5cf2296065f1";"3c8ea0e4-127c-4a02-ac65-58830e4ac608";;"System.Collections.Generic.Dictionary`2[System.String,System.String]";
"ebb0c8d6-2521-4b5d-89d7-0c235bcc23f6";"New York Pace Port";"Enabled";"ebb0c8d6-2521-4b5d-89d7-0c235bcc23f6";"3c8ea0e4-127c-4a02-ac65-58830e4ac608";;"System.Collections.Generic.Dictionary`2[System.String,System.String]";
"c191a337-3c23-40ef-b495-8e29acd39f83";"Manulife-POC";"Enabled";"c191a337-3c23-40ef-b495-8e29acd39f83";"3c8ea0e4-127c-4a02-ac65-58830e4ac608";;"System.Collections.Generic.Dictionary`2[System.String,System.String]";
"48f2d6c4-4730-4b9c-a224-9ab27ed255e4";"ADH-PoC";"Enabled";"48f2d6c4-4730-4b9c-a224-9ab27ed255e4";"3c8ea0e4-127c-4a02-ac65-58830e4ac608";;"System.Collections.Generic.Dictionary`2[System.String,System.String]";
"5a21217b-d54c-4870-86f2-d2b77d20e7aa";"Cloud Foundation Design(CFD)_POC";"Enabled";"5a21217b-d54c-4870-86f2-d2b77d20e7aa";"3c8ea0e4-127c-4a02-ac65-58830e4ac608";;"System.Collections.Generic.Dictionary`2[System.String,System.String]";
"01db32de-44fb-41e9-882f-cff82a7241c4";"ToyotaMaterialHandling_POC";"Enabled";"01db32de-44fb-41e9-882f-cff82a7241c4";"3c8ea0e4-127c-4a02-ac65-58830e4ac608";;"System.Collections.Generic.Dictionary`2[System.String,System.String]";
"c86e22f0-fe29-45b1-a032-ded5f1c70e5c";"Arrow";"Enabled";"c86e22f0-fe29-45b1-a032-ded5f1c70e5c";"3c8ea0e4-127c-4a02-ac65-58830e4ac608";;"System.Collections.Generic.Dictionary`2[System.String,System.String]";
"5825b0f3-d987-4ef6-8b9e-103cd4d7d101";"AAR CORP - POC";"Enabled";"5825b0f3-d987-4ef6-8b9e-103cd4d7d101";"3c8ea0e4-127c-4a02-ac65-58830e4ac608";;"System.Collections.Generic.Dictionary`2[System.String,System.String]";
"5161c46a-fb14-4677-8249-d11b1e1189ce";"IPSEN-Testing";"Enabled";"5161c46a-fb14-4677-8249-d11b1e1189ce";"3c8ea0e4-127c-4a02-ac65-58830e4ac608";;"System.Collections.Generic.Dictionary`2[System.String,System.String]";
"1f69b9fd-f3b0-4d5c-9dd3-ead2b8727a0b";"Federated_Learning_on_Cloud";"Enabled";"1f69b9fd-f3b0-4d5c-9dd3-ead2b8727a0b";"3c8ea0e4-127c-4a02-ac65-58830e4ac608";;"System.Collections.Generic.Dictionary`2[System.String,System.String]";
"451a3b23-9ec3-46d0-b908-3320058e3544";"MOB APP DEV";"Enabled";"451a3b23-9ec3-46d0-b908-3320058e3544";"3c8ea0e4-127c-4a02-ac65-58830e4ac608";;"System.Collections.Generic.Dictionary`2[System.String,System.String]";
"0f2da85c-b672-448c-bcf7-11d3d59d854a";"Azure Data Stack-POC";"Enabled";"0f2da85c-b672-448c-bcf7-11d3d59d854a";"3c8ea0e4-127c-4a02-ac65-58830e4ac608";;"System.Collections.Generic.Dictionary`2[System.String,System.String]";
"806b9120-f8ee-426f-a2e1-f6a56cb4abf8";"SpectrisPlc_ Malvern Panalytical_Hitech";"Enabled";"806b9120-f8ee-426f-a2e1-f6a56cb4abf8";"3c8ea0e4-127c-4a02-ac65-58830e4ac608";;"System.Collections.Generic.Dictionary`2[System.String,System.String]";
"2bac67df-2b13-45cd-8dbe-adb676520f04";"Co-op-FundServ-lahitapiola-Kingfisher-CVS";"Enabled";"2bac67df-2b13-45cd-8dbe-adb676520f04";"3c8ea0e4-127c-4a02-ac65-58830e4ac608";;"System.Collections.Generic.Dictionary`2[System.String,System.String]";
"d813233b-0912-4229-8f16-79f543b5bdb3";"TCS ETG NFR Group";"Enabled";"d813233b-0912-4229-8f16-79f543b5bdb3";"3c8ea0e4-127c-4a02-ac65-58830e4ac608";;"System.Collections.Generic.Dictionary`2[System.String,System.String]";
"6d6038db-6ff4-46fd-8fca-ed3710b219e7";"Quartz_Internal_POC";"Enabled";"6d6038db-6ff4-46fd-8fca-ed3710b219e7";"3c8ea0e4-127c-4a02-ac65-58830e4ac608";;"System.Collections.Generic.Dictionary`2[System.String,System.String]";
"e2e7e292-a496-4c8c-b52b-6ae3d3b29cf8";"TCS DigiGOV e-commerce";"Enabled";"e2e7e292-a496-4c8c-b52b-6ae3d3b29cf8";"3c8ea0e4-127c-4a02-ac65-58830e4ac608";;"System.Collections.Generic.Dictionary`2[System.String,System.String]";
"dd80f43a-06c3-4aef-8e61-b7fcb9c8ac02";"ICICIBANK-Payement Solution-POC";"Enabled";"dd80f43a-06c3-4aef-8e61-b7fcb9c8ac02";"3c8ea0e4-127c-4a02-ac65-58830e4ac608";;"System.Collections.Generic.Dictionary`2[System.String,System.String]";
"20640e48-91e4-4b65-bed0-e1544e31f088";"TCS_DAEzMo_DEER";"Enabled";"20640e48-91e4-4b65-bed0-e1544e31f088";"3c8ea0e4-127c-4a02-ac65-58830e4ac608";;"System.Collections.Generic.Dictionary`2[System.String,System.String]";
"34a6465c-2a6e-41b9-89b8-7617e5062ed4";"Cloud Exponense - MFDM";"Enabled";"34a6465c-2a6e-41b9-89b8-7617e5062ed4";"3c8ea0e4-127c-4a02-ac65-58830e4ac608";;"System.Collections.Generic.Dictionary`2[System.String,System.String]";
"7f470431-a757-4900-aed2-bdbf6b2cb8a9";"SL Phoenix ? Connect 2.0";"Enabled";"7f470431-a757-4900-aed2-bdbf6b2cb8a9";"3c8ea0e4-127c-4a02-ac65-58830e4ac608";;"System.Collections.Generic.Dictionary`2[System.String,System.String]";
"64ef4d58-6109-4bed-be75-ef4322529f7e";"Nerdio_POC_TCSCOE_WVD";"Enabled";"64ef4d58-6109-4bed-be75-ef4322529f7e";"3c8ea0e4-127c-4a02-ac65-58830e4ac608";;"System.Collections.Generic.Dictionary`2[System.String,System.String]";
"fb1d8099-bbfd-4c0b-96ab-2ceabf637b7f";"Healthcare_Interop_Platform_POC";"Enabled";"fb1d8099-bbfd-4c0b-96ab-2ceabf637b7f";"3c8ea0e4-127c-4a02-ac65-58830e4ac608";;"System.Collections.Generic.Dictionary`2[System.String,System.String]";
"98797c4b-f93a-487b-915c-dc3d1c8b10ef";"Zurich_Swiz_POC";"Enabled";"98797c4b-f93a-487b-915c-dc3d1c8b10ef";"3c8ea0e4-127c-4a02-ac65-58830e4ac608";;"System.Collections.Generic.Dictionary`2[System.String,System.String]";
"38f10968-ac24-439e-9beb-25a6642f270b";"IPERC Cloud POC";"Enabled";"38f10968-ac24-439e-9beb-25a6642f270b";"3c8ea0e4-127c-4a02-ac65-58830e4ac608";;"System.Collections.Generic.Dictionary`2[System.String,System.String]";
"49fac647-ce55-4134-bd3e-b65508b773c4";"MBU_LABSecurity_POC";"Enabled";"49fac647-ce55-4134-bd3e-b65508b773c4";"3c8ea0e4-127c-4a02-ac65-58830e4ac608";;"System.Collections.Generic.Dictionary`2[System.String,System.String]";
"690655ee-e4af-41a7-9868-f9aaf108fb87";"Tokyo PacePort";"Enabled";"690655ee-e4af-41a7-9868-f9aaf108fb87";"3c8ea0e4-127c-4a02-ac65-58830e4ac608";;"System.Collections.Generic.Dictionary`2[System.String,System.String]";
"c4f3e9c2-8202-4cba-aeeb-8597a4e00cc2";"MBU Leads";"Enabled";"c4f3e9c2-8202-4cba-aeeb-8597a4e00cc2";"3c8ea0e4-127c-4a02-ac65-58830e4ac608";;"System.Collections.Generic.Dictionary`2[System.String,System.String]";
"4b306db6-319c-4bc0-b992-0e8f7f05f668";"PODS LLC - POC";"Enabled";"4b306db6-319c-4bc0-b992-0e8f7f05f668";"3c8ea0e4-127c-4a02-ac65-58830e4ac608";;"System.Collections.Generic.Dictionary`2[System.String,System.String]";
"393efb0b-e647-42f1-96a8-3a5a453c75d4";"Harness PoC";"Enabled";"393efb0b-e647-42f1-96a8-3a5a453c75d4";"3c8ea0e4-127c-4a02-ac65-58830e4ac608";;"System.Collections.Generic.Dictionary`2[System.String,System.String]";
"16f56a62-947f-4d8c-baac-68acb635e4eb";"Dover_POC_USA";"Enabled";"16f56a62-947f-4d8c-baac-68acb635e4eb";"3c8ea0e4-127c-4a02-ac65-58830e4ac608";;"System.Collections.Generic.Dictionary`2[System.String,System.String]";
"60e09799-db66-4628-af7d-b553f5e7d226";"RBC_Canada_Kubernetes";"Disabled";"60e09799-db66-4628-af7d-b553f5e7d226";"3c8ea0e4-127c-4a02-ac65-58830e4ac608";;"System.Collections.Generic.Dictionary`2[System.String,System.String]";
"30d8fea7-8adc-4464-9eb0-d4255fedf3d5";"Test Cost Alert";"Enabled";"30d8fea7-8adc-4464-9eb0-d4255fedf3d5";"3c8ea0e4-127c-4a02-ac65-58830e4ac608";;"System.Collections.Generic.Dictionary`2[System.String,System.String]";
"d5474e4c-0212-46cd-96ff-e00f62884dc0";"UBS_POC";"Disabled";"d5474e4c-0212-46cd-96ff-e00f62884dc0";"3c8ea0e4-127c-4a02-ac65-58830e4ac608";;"System.Collections.Generic.Dictionary`2[System.String,System.String]";
"ba153b4b-4af6-4ab9-b3db-b76a88fa1d55";"IKEA_POC";"Enabled";"ba153b4b-4af6-4ab9-b3db-b76a88fa1d55";"3c8ea0e4-127c-4a02-ac65-58830e4ac608";;"System.Collections.Generic.Dictionary`2[System.String,System.String]";
"8ab9fc3d-ba9e-419b-bdcf-a416b79506ae";"IKEA2_POC";"Enabled";"8ab9fc3d-ba9e-419b-bdcf-a416b79506ae";"3c8ea0e4-127c-4a02-ac65-58830e4ac608";;"System.Collections.Generic.Dictionary`2[System.String,System.String]";
"bff504bf-5a99-4581-9068-16f02bfc9fe2";"Next_gen_it_services_POC";"Enabled";"bff504bf-5a99-4581-9068-16f02bfc9fe2";"3c8ea0e4-127c-4a02-ac65-58830e4ac608";;"System.Collections.Generic.Dictionary`2[System.String,System.String]";
"56951c2e-12be-463e-b9ab-a6c22a509a42";"Integration_and_APIM_Platform_POC";"Enabled";"56951c2e-12be-463e-b9ab-a6c22a509a42";"3c8ea0e4-127c-4a02-ac65-58830e4ac608";;"System.Collections.Generic.Dictionary`2[System.String,System.String]";
"7b05827f-0be9-4592-a6c2-77bc0a0569c0";"WAL_ALB_POC";"Enabled";"7b05827f-0be9-4592-a6c2-77bc0a0569c0";"3c8ea0e4-127c-4a02-ac65-58830e4ac608";;"System.Collections.Generic.Dictionary`2[System.String,System.String]";
"de974821-073b-4af5-b48c-e3f15e63c875";"TD_Cananda_POC";"Enabled";"de974821-073b-4af5-b48c-e3f15e63c875";"3c8ea0e4-127c-4a02-ac65-58830e4ac608";;"System.Collections.Generic.Dictionary`2[System.String,System.String]";
"0ae1e1e9-1595-4c45-b434-646700ca738e";"Belfius_Belgium";"Enabled";"0ae1e1e9-1595-4c45-b434-646700ca738e";"3c8ea0e4-127c-4a02-ac65-58830e4ac608";;"System.Collections.Generic.Dictionary`2[System.String,System.String]";
"3c6f1ff4-1d52-4183-83a1-a9c034f887b0";"TCS_Payment_Processing_Platform_BaNCS";"Enabled";"3c6f1ff4-1d52-4183-83a1-a9c034f887b0";"3c8ea0e4-127c-4a02-ac65-58830e4ac608";;"System.Collections.Generic.Dictionary`2[System.String,System.String]";
"768c4a33-7806-43d4-a3fe-147006e6d214";"IDW_POC";"Enabled";"768c4a33-7806-43d4-a3fe-147006e6d214";"3c8ea0e4-127c-4a02-ac65-58830e4ac608";;"System.Collections.Generic.Dictionary`2[System.String,System.String]";
"e186701b-030a-41f2-a059-2c303abdd2f3";"TCS_MasterCraft_POC";"Enabled";"e186701b-030a-41f2-a059-2c303abdd2f3";"3c8ea0e4-127c-4a02-ac65-58830e4ac608";;"System.Collections.Generic.Dictionary`2[System.String,System.String]";
"b8a14b06-1bda-4bbe-ac45-a4b19faf60ac";"WVD_Platform_Tools_Integration_POC";"Enabled";"b8a14b06-1bda-4bbe-ac45-a4b19faf60ac";"3c8ea0e4-127c-4a02-ac65-58830e4ac608";;"System.Collections.Generic.Dictionary`2[System.String,System.String]";
"50382f94-2336-4f9f-93bd-9b7667e968f7";"EY_Training_POC";"Enabled";"50382f94-2336-4f9f-93bd-9b7667e968f7";"3c8ea0e4-127c-4a02-ac65-58830e4ac608";;"System.Collections.Generic.Dictionary`2[System.String,System.String]";
"3ad209b9-cee6-4151-a2c2-ecad2798682b";"Identity_Manager_POC";"Enabled";"3ad209b9-cee6-4151-a2c2-ecad2798682b";"3c8ea0e4-127c-4a02-ac65-58830e4ac608";;"System.Collections.Generic.Dictionary`2[System.String,System.String]";
"a00608a1-3e25-46d1-8b8c-1d3e6e17614c";"BNYM_Pershing_POC";"Enabled";"a00608a1-3e25-46d1-8b8c-1d3e6e17614c";"3c8ea0e4-127c-4a02-ac65-58830e4ac608";;"System.Collections.Generic.Dictionary`2[System.String,System.String]";
"b96bb79f-ddad-40f4-89c3-028b3e4e91af";"Qualcomm_NXP_Maxim_Arm_POC";"Enabled";"b96bb79f-ddad-40f4-89c3-028b3e4e91af";"3c8ea0e4-127c-4a02-ac65-58830e4ac608";;"System.Collections.Generic.Dictionary`2[System.String,System.String]";
"889c597c-081a-4228-9ead-2f51560b8008";"DET_POC";"Enabled";"889c597c-081a-4228-9ead-2f51560b8008";"3c8ea0e4-127c-4a02-ac65-58830e4ac608";;"System.Collections.Generic.Dictionary`2[System.String,System.String]";
"2cea189d-3226-4965-b5cd-115cf0da83fe";"CMI_GTM_POC";"Enabled";"2cea189d-3226-4965-b5cd-115cf0da83fe";"3c8ea0e4-127c-4a02-ac65-58830e4ac608";;"System.Collections.Generic.Dictionary`2[System.String,System.String]";
"1d543ee0-f7f3-4e55-84d1-70e1cce9dddc";"Telefonica_POC_Europe";"Disabled";"1d543ee0-f7f3-4e55-84d1-70e1cce9dddc";"3c8ea0e4-127c-4a02-ac65-58830e4ac608";;"System.Collections.Generic.Dictionary`2[System.String,System.String]";
"85b92bfc-f36c-4b0f-b477-fef9a6dbc477";"NMBS_POC";"Enabled";"85b92bfc-f36c-4b0f-b477-fef9a6dbc477";"3c8ea0e4-127c-4a02-ac65-58830e4ac608";;"System.Collections.Generic.Dictionary`2[System.String,System.String]";
"51bbc135-5e8c-4efe-84b2-2e1b78bc3885";"DigiGov_Tax_Framework_POC";"Enabled";"51bbc135-5e8c-4efe-84b2-2e1b78bc3885";"3c8ea0e4-127c-4a02-ac65-58830e4ac608";;"System.Collections.Generic.Dictionary`2[System.String,System.String]";
"39c15a53-9a08-49d3-8b5e-51f40c32835a";"NETS_UK_POC";"Enabled";"39c15a53-9a08-49d3-8b5e-51f40c32835a";"3c8ea0e4-127c-4a02-ac65-58830e4ac608";;"System.Collections.Generic.Dictionary`2[System.String,System.String]";
"b36cdeee-fbeb-44e7-acd8-4b6c5ab98d51";"Healthcare_Rapid_Labs_POC";"Enabled";"b36cdeee-fbeb-44e7-acd8-4b6c5ab98d51";"3c8ea0e4-127c-4a02-ac65-58830e4ac608";;"System.Collections.Generic.Dictionary`2[System.String,System.String]";
"30f7c95a-cade-43cc-ab28-2701d2f02ad3";"KAD_Market_Consultation";"Enabled";"30f7c95a-cade-43cc-ab28-2701d2f02ad3";"3c8ea0e4-127c-4a02-ac65-58830e4ac608";;"System.Collections.Generic.Dictionary`2[System.String,System.String]";
"1a25546e-2332-4897-ae3b-a306629eea64";"MBU Solutions Training_POC";"Enabled";"1a25546e-2332-4897-ae3b-a306629eea64";"3c8ea0e4-127c-4a02-ac65-58830e4ac608";;"System.Collections.Generic.Dictionary`2[System.String,System.String]";
"81f6d31d-043e-4e05-aad2-8306414f5c8a";"DevOps Toolkit POC";"Enabled";"81f6d31d-043e-4e05-aad2-8306414f5c8a";"3c8ea0e4-127c-4a02-ac65-58830e4ac608";;"System.Collections.Generic.Dictionary`2[System.String,System.String]";
"37d58c95-b23c-4ea6-a329-4d3c9a16f06a";"Cloud Infra Projects_POC";"Enabled";"37d58c95-b23c-4ea6-a329-4d3c9a16f06a";"3c8ea0e4-127c-4a02-ac65-58830e4ac608";;"System.Collections.Generic.Dictionary`2[System.String,System.String]";
"094476fa-2568-4285-aa78-be2b73f9de1a";"LBG_UK_POC";"Enabled";"094476fa-2568-4285-aa78-be2b73f9de1a";"3c8ea0e4-127c-4a02-ac65-58830e4ac608";;"System.Collections.Generic.Dictionary`2[System.String,System.String]";
"bde602a1-27d7-4de9-a408-48a6927d92cb";"Mexico_Automated Password Reset_POC";"Enabled";"bde602a1-27d7-4de9-a408-48a6927d92cb";"3c8ea0e4-127c-4a02-ac65-58830e4ac608";;"System.Collections.Generic.Dictionary`2[System.String,System.String]";
"a1af4341-605b-4a3f-9f16-f3411d736941";"C&SI Enterprise Agility_POC";"Enabled";"a1af4341-605b-4a3f-9f16-f3411d736941";"3c8ea0e4-127c-4a02-ac65-58830e4ac608";;"System.Collections.Generic.Dictionary`2[System.String,System.String]";
"5e37ff6d-862a-4233-b490-d51ee750fabd";"Develop PoCs - BFSI UK 1 TEG";"Enabled";"5e37ff6d-862a-4233-b490-d51ee750fabd";"3c8ea0e4-127c-4a02-ac65-58830e4ac608";;"System.Collections.Generic.Dictionary`2[System.String,System.String]";
"588a13dd-a9f0-4397-8d4a-ca42796cd39f";"Live_Demo_Training_POC";"Enabled";"588a13dd-a9f0-4397-8d4a-ca42796cd39f";"3c8ea0e4-127c-4a02-ac65-58830e4ac608";;"System.Collections.Generic.Dictionary`2[System.String,System.String]";
"7e6f5cbc-7c6f-4800-b216-0713f3c0641c";"LBG_Hybrid_Cloud_POC";"Enabled";"7e6f5cbc-7c6f-4800-b216-0713f3c0641c";"3c8ea0e4-127c-4a02-ac65-58830e4ac608";;"System.Collections.Generic.Dictionary`2[System.String,System.String]";
"67505d9e-018f-4220-aa9a-1425b5130b31";"MBU_Bizapps";"Enabled";"67505d9e-018f-4220-aa9a-1425b5130b31";"3c8ea0e4-127c-4a02-ac65-58830e4ac608";;"System.Collections.Generic.Dictionary`2[System.String,System.String]";
"b9a124c7-7395-4e72-80d6-3e6c7b38937e";"EMERGE Event _Hackathons_POC";"Enabled";"b9a124c7-7395-4e72-80d6-3e6c7b38937e";"3c8ea0e4-127c-4a02-ac65-58830e4ac608";;"System.Collections.Generic.Dictionary`2[System.String,System.String]";
"4e812c4f-f44a-4923-ac33-127624917a65";"KPMG Cloud Adoption Framework_POC";"Enabled";"4e812c4f-f44a-4923-ac33-127624917a65";"3c8ea0e4-127c-4a02-ac65-58830e4ac608";;"System.Collections.Generic.Dictionary`2[System.String,System.String]";
"a05c9ab7-1699-4824-8751-42547809cd89";"DevOps Support Group_POC";"Enabled";"a05c9ab7-1699-4824-8751-42547809cd89";"3c8ea0e4-127c-4a02-ac65-58830e4ac608";;"System.Collections.Generic.Dictionary`2[System.String,System.String]";
"1693a211-a043-4564-938d-33320e39d9dc";"Canada Pace Port_POC";"Enabled";"1693a211-a043-4564-938d-33320e39d9dc";"3c8ea0e4-127c-4a02-ac65-58830e4ac608";;"System.Collections.Generic.Dictionary`2[System.String,System.String]";
"004e576f-16c3-4d4a-ac74-76e5403a5986";"Tower Monitoring Solution ? POC";"Enabled";"004e576f-16c3-4d4a-ac74-76e5403a5986";"3c8ea0e4-127c-4a02-ac65-58830e4ac608";;"System.Collections.Generic.Dictionary`2[System.String,System.String]";
"8366a9df-ce72-421e-b32a-177381a25708";"Co-sell_connection_POC";"Enabled";"8366a9df-ce72-421e-b32a-177381a25708";"3c8ea0e4-127c-4a02-ac65-58830e4ac608";;"System.Collections.Generic.Dictionary`2[System.String,System.String]";
"343645c0-a380-4786-9f9d-0a889b7ce074";"Albertsons_POC";"Disabled";"343645c0-a380-4786-9f9d-0a889b7ce074";"3c8ea0e4-127c-4a02-ac65-58830e4ac608";;"System.Collections.Generic.Dictionary`2[System.String,System.String]";
"617c4b90-4829-482b-8fcf-7285bd8cd016";"Terraform_POC";"Enabled";"617c4b90-4829-482b-8fcf-7285bd8cd016";"3c8ea0e4-127c-4a02-ac65-58830e4ac608";;"System.Collections.Generic.Dictionary`2[System.String,System.String]";
"4ce57577-f38e-4e38-aa87-202b76efc3c1";"LBC_POC";"Enabled";"4ce57577-f38e-4e38-aa87-202b76efc3c1";"3c8ea0e4-127c-4a02-ac65-58830e4ac608";;"System.Collections.Generic.Dictionary`2[System.String,System.String]";
"7eea21c9-9d4c-428e-89c4-10e5e7c03daa";"TCS BIM Platform_POC";"Enabled";"7eea21c9-9d4c-428e-89c4-10e5e7c03daa";"3c8ea0e4-127c-4a02-ac65-58830e4ac608";;"System.Collections.Generic.Dictionary`2[System.String,System.String]";
"a8552351-2b05-4b41-a9b6-fc477a617c65";"Credit Suisse_POC";"Enabled";"a8552351-2b05-4b41-a9b6-fc477a617c65";"3c8ea0e4-127c-4a02-ac65-58830e4ac608";;"System.Collections.Generic.Dictionary`2[System.String,System.String]";
"c903891e-3cb7-4a6b-abb0-670b7f9194d0";"BFSI MS Cloud Garage_POC";"Enabled";"c903891e-3cb7-4a6b-abb0-670b7f9194d0";"3c8ea0e4-127c-4a02-ac65-58830e4ac608";;"System.Collections.Generic.Dictionary`2[System.String,System.String]";
"9145bdc0-fb32-40fc-ae51-9a96b4e3d2c3";"SOAR for ISV_POC";"Enabled";"9145bdc0-fb32-40fc-ae51-9a96b4e3d2c3";"3c8ea0e4-127c-4a02-ac65-58830e4ac608";;"System.Collections.Generic.Dictionary`2[System.String,System.String]";
"d4f387c2-eab2-4851-b317-049776dc7c03";"Azure ARC on OpenShift cluster_POC";"Enabled";"d4f387c2-eab2-4851-b317-049776dc7c03";"3c8ea0e4-127c-4a02-ac65-58830e4ac608";;"System.Collections.Generic.Dictionary`2[System.String,System.String]";
"e62bd027-e41f-43c3-b96d-edf8250637c0";"Uniliver_P&G_Nestle_Total_Poc";"Enabled";"e62bd027-e41f-43c3-b96d-edf8250637c0";"3c8ea0e4-127c-4a02-ac65-58830e4ac608";;"System.Collections.Generic.Dictionary`2[System.String,System.String]";
"06163a9f-1c90-4ba6-ab9a-6789149d2f9d";"TopRail iPTT_POC";"Enabled";"06163a9f-1c90-4ba6-ab9a-6789149d2f9d";"3c8ea0e4-127c-4a02-ac65-58830e4ac608";;"System.Collections.Generic.Dictionary`2[System.String,System.String]";
"6abff813-a2ff-412f-9279-3a2cbe3d2851";"PODS LLC Florida_POC";"Enabled";"6abff813-a2ff-412f-9279-3a2cbe3d2851";"3c8ea0e4-127c-4a02-ac65-58830e4ac608";;"System.Collections.Generic.Dictionary`2[System.String,System.String]";
"6b99fbf5-8451-4b52-85ce-700fc2131283";"HIG_BSFI_Assesement";"Enabled";"6b99fbf5-8451-4b52-85ce-700fc2131283";"3c8ea0e4-127c-4a02-ac65-58830e4ac608";;"System.Collections.Generic.Dictionary`2[System.String,System.String]";
"2214b5c2-3237-4c67-ae43-b7ed0c128293";"IOT_Solution_Retail_Store";"Disabled";"2214b5c2-3237-4c67-ae43-b7ed0c128293";"3c8ea0e4-127c-4a02-ac65-58830e4ac608";;"System.Collections.Generic.Dictionary`2[System.String,System.String]";
"445de33a-2ddd-488c-8ce0-3a87a56be0a6";"MBU_DataAI-Intelligent_data_services_POC";"Enabled";"445de33a-2ddd-488c-8ce0-3a87a56be0a6";"3c8ea0e4-127c-4a02-ac65-58830e4ac608";;"System.Collections.Generic.Dictionary`2[System.String,System.String]";
"645079d4-2257-4e5d-bf4b-abe2cf605a2a";"Assistive Smart Glass_POC";"Enabled";"645079d4-2257-4e5d-bf4b-abe2cf605a2a";"3c8ea0e4-127c-4a02-ac65-58830e4ac608";;"System.Collections.Generic.Dictionary`2[System.String,System.String]";
"eb6b700f-1287-403e-9c10-d40a87a84864";"Innovation_Garage_POC";"Enabled";"eb6b700f-1287-403e-9c10-d40a87a84864";"3c8ea0e4-127c-4a02-ac65-58830e4ac608";;"System.Collections.Generic.Dictionary`2[System.String,System.String]";
"dda0f7aa-9a6d-4c31-a3e9-81fe0a74e42a";"CoSell_resources";"Enabled";"dda0f7aa-9a6d-4c31-a3e9-81fe0a74e42a";"3c8ea0e4-127c-4a02-ac65-58830e4ac608";;"System.Collections.Generic.Dictionary`2[System.String,System.String]";
"ee7e3998-d101-4591-8bcf-0472b1cdff01";"Azure Migrate";"Enabled";"ee7e3998-d101-4591-8bcf-0472b1cdff01";"3c8ea0e4-127c-4a02-ac65-58830e4ac608";;"System.Collections.Generic.Dictionary`2[System.String,System.String]";
"bda5494b-36d6-4c8e-8edb-1aeb57bfff17";"Contexify";"Enabled";"bda5494b-36d6-4c8e-8edb-1aeb57bfff17";"3c8ea0e4-127c-4a02-ac65-58830e4ac608";;"System.Collections.Generic.Dictionary`2[System.String,System.String]";
"8ef5f512-9354-415f-91a4-944157834596";"Pittsburgh Pace Port";"Enabled";"8ef5f512-9354-415f-91a4-944157834596";"3c8ea0e4-127c-4a02-ac65-58830e4ac608";;"System.Collections.Generic.Dictionary`2[System.String,System.String]";
"4d8b115f-dc06-423c-94d5-174c5ca7f533";"Analytics Demo";"Enabled";"4d8b115f-dc06-423c-94d5-174c5ca7f533";"3c8ea0e4-127c-4a02-ac65-58830e4ac608";;"System.Collections.Generic.Dictionary`2[System.String,System.String]";
"a49a2402-0cc1-4075-b1fd-aa460cd89401";"E&R_ISU_POC";"Enabled";"a49a2402-0cc1-4075-b1fd-aa460cd89401";"3c8ea0e4-127c-4a02-ac65-58830e4ac608";;"System.Collections.Generic.Dictionary`2[System.String,System.String]";
"918955ed-e102-4d9e-b820-f6c9e4c52d37";"Microservices_Solution_Modernization_Project";"Enabled";"918955ed-e102-4d9e-b820-f6c9e4c52d37";"3c8ea0e4-127c-4a02-ac65-58830e4ac608";;"System.Collections.Generic.Dictionary`2[System.String,System.String]";
"09f8b2ec-c89e-4bc0-b66d-1d671592ff04";"AVS_POC_VMware_Migration_Accelerator";"Enabled";"09f8b2ec-c89e-4bc0-b66d-1d671592ff04";"3c8ea0e4-127c-4a02-ac65-58830e4ac608";;"System.Collections.Generic.Dictionary`2[System.String,System.String]";
"8bb6835a-7cfe-4f3b-9ec2-7139eccaabe8";"Solution_Engineering_POC";"Enabled";"8bb6835a-7cfe-4f3b-9ec2-7139eccaabe8";"3c8ea0e4-127c-4a02-ac65-58830e4ac608";;"System.Collections.Generic.Dictionary`2[System.String,System.String]";
"7be7053b-88b7-49e4-a5c4-0bc62117a631";"Qualcomm_NXP_ Maxim_Arm_POC";"Enabled";"7be7053b-88b7-49e4-a5c4-0bc62117a631";"3c8ea0e4-127c-4a02-ac65-58830e4ac608";;"System.Collections.Generic.Dictionary`2[System.String,System.String]";
"4054260a-a0d9-4a8d-8e4f-55934bfc8819";"CoE_POCs";"Enabled";"4054260a-a0d9-4a8d-8e4f-55934bfc8819";"3c8ea0e4-127c-4a02-ac65-58830e4ac608";;"System.Collections.Generic.Dictionary`2[System.String,System.String]";
"943c2829-4915-4188-a598-a3a3f52e0ecb";"AWD_DigitalWorkplace";"Enabled";"943c2829-4915-4188-a598-a3a3f52e0ecb";"3c8ea0e4-127c-4a02-ac65-58830e4ac608";;"System.Collections.Generic.Dictionary`2[System.String,System.String]";
"72ade62d-4d19-4a23-9f4b-80fb1c3c8b91";"Dupont_POC";"Enabled";"72ade62d-4d19-4a23-9f4b-80fb1c3c8b91";"3c8ea0e4-127c-4a02-ac65-58830e4ac608";;"System.Collections.Generic.Dictionary`2[System.String,System.String]";
"de9e261c-b3d7-40ee-9304-42f8fab96cec";"MBUTraining_POC";"Enabled";"de9e261c-b3d7-40ee-9304-42f8fab96cec";"3c8ea0e4-127c-4a02-ac65-58830e4ac608";;"System.Collections.Generic.Dictionary`2[System.String,System.String]";
"a9c6fd5b-861e-4c7f-9f4e-9aa05fe260bd";"DataMarketplace_GTM";"Enabled";"a9c6fd5b-861e-4c7f-9f4e-9aa05fe260bd";"3c8ea0e4-127c-4a02-ac65-58830e4ac608";;"System.Collections.Generic.Dictionary`2[System.String,System.String]";
"d2069bee-1330-4269-9b04-ad9799ccee34";"Waferwise_POC";"Enabled";"d2069bee-1330-4269-9b04-ad9799ccee34";"3c8ea0e4-127c-4a02-ac65-58830e4ac608";;"System.Collections.Generic.Dictionary`2[System.String,System.String]";
"2db507b0-b3b5-4ce3-8ba2-ff72bef0f748";"FS_Demo_PoC";"Enabled";"2db507b0-b3b5-4ce3-8ba2-ff72bef0f748";"3c8ea0e4-127c-4a02-ac65-58830e4ac608";;"System.Collections.Generic.Dictionary`2[System.String,System.String]";
"07987660-761f-44c3-bd71-8543cc7840e1";"MBU Azure E2C Presales Demo";"Enabled";"07987660-761f-44c3-bd71-8543cc7840e1";"3c8ea0e4-127c-4a02-ac65-58830e4ac608";;"System.Collections.Generic.Dictionary`2[System.String,System.String]";
"43cc6cf2-1d45-46c2-bbd8-730160d95e8e";"CVS_Development_POC";"Enabled";"43cc6cf2-1d45-46c2-bbd8-730160d95e8e";"3c8ea0e4-127c-4a02-ac65-58830e4ac608";;"System.Collections.Generic.Dictionary`2[System.String,System.String]";
"7d0ea1b8-f77f-4953-867f-b22d247037e7";"Manulife_Canada_POC";"Enabled";"7d0ea1b8-f77f-4953-867f-b22d247037e7";"3c8ea0e4-127c-4a02-ac65-58830e4ac608";;"System.Collections.Generic.Dictionary`2[System.String,System.String]";
"eca824ab-abb4-48bb-a81b-f185ee751679";"Quantum_POC";"Enabled";"eca824ab-abb4-48bb-a81b-f185ee751679";"3c8ea0e4-127c-4a02-ac65-58830e4ac608";;"System.Collections.Generic.Dictionary`2[System.String,System.String]";
"49832a64-330d-49db-8908-55cc6b33962e";"AMD_Dataiku_POC";"Enabled";"49832a64-330d-49db-8908-55cc6b33962e";"3c8ea0e4-127c-4a02-ac65-58830e4ac608";;"System.Collections.Generic.Dictionary`2[System.String,System.String]";
"27766ba4-90bd-455c-bf07-e87d612e99a4";"Wellbeing Platform_POC";"Enabled";"27766ba4-90bd-455c-bf07-e87d612e99a4";"3c8ea0e4-127c-4a02-ac65-58830e4ac608";;"System.Collections.Generic.Dictionary`2[System.String,System.String]";
"71340b2e-f825-4a53-a686-9328d6ce2653";"Retail Power Apps Platform_POC";"Enabled";"71340b2e-f825-4a53-a686-9328d6ce2653";"3c8ea0e4-127c-4a02-ac65-58830e4ac608";;"System.Collections.Generic.Dictionary`2[System.String,System.String]";
"9733de29-ea86-4a7b-b983-c7087e607327";"New York Pace Port_POC";"Enabled";"9733de29-ea86-4a7b-b983-c7087e607327";"3c8ea0e4-127c-4a02-ac65-58830e4ac608";;"System.Collections.Generic.Dictionary`2[System.String,System.String]";
"08d3da05-5d5f-4794-a4a6-f221a1e6d1e6";"VMware Migration Accelerator_CBO_OLD";"Enabled";"08d3da05-5d5f-4794-a4a6-f221a1e6d1e6";"3c8ea0e4-127c-4a02-ac65-58830e4ac608";;"System.Collections.Generic.Dictionary`2[System.String,System.String]";
"5aaf7677-f422-43e8-b31c-8e25bb334497";"MS_FarmBeats_PoC";"Enabled";"5aaf7677-f422-43e8-b31c-8e25bb334497";"3c8ea0e4-127c-4a02-ac65-58830e4ac608";;"System.Collections.Generic.Dictionary`2[System.String,System.String]";
"c300731c-9116-4615-81ea-998964937b15";"BFSI_CRO_Industry_Solutions_PoC";"Enabled";"c300731c-9116-4615-81ea-998964937b15";"3c8ea0e4-127c-4a02-ac65-58830e4ac608";;"System.Collections.Generic.Dictionary`2[System.String,System.String]";
